churn_next_60d,return_rate
Retained,0.06445058094358035
Churned,0.0823612279468535
