campaign_engaged,churn_next_60d,churn_rate
Engaged,0.42315573770491804,42.32
Not Engaged,0.5014044943820225,50.14
