acquisition_channel,churn_next_60d,churn_rate
Google Search,0.5042918454935622,50.43
Instagram,0.4990328820116054,49.9
Marketplace,0.49122807017543857,49.12
Influencer,0.47619047619047616,47.62
Referral,0.4217171717171717,42.17
Organic,0.39820359281437123,39.82
