churn_next_60d,campaign_clicks_30d
Retained,0.7360565593087196
Churned,0.551907719609583
