churn_next_60d,avg_sentiment
Retained,-0.22301557999476304
Churned,-0.22736424134871341
