loyalty_tier,churn_next_60d,churn_rate
Silver,0.488135593220339,48.81
Not Enrolled,0.4834054834054834,48.34
Gold,0.40752351097178685,40.75
Platinum,0.37142857142857144,37.14
