churn_next_60d,reopen_rate
Retained,0.091044776119403
Churned,0.09023957409050577
