churn_next_60d,sessions_30d
Retained,6.732128829536528
Churned,4.0230700976042595
