churn_next_60d,total_orders
Retained,5.175176747839749
Churned,3.0354924578527065
