churn_next_60d,last_visit_days_ago
Retained,9.771406127258444
Churned,26.554569653948537
